step,train_loss,train_top1,train_top5,val_loss,val_top1,val_top5
1,,0.2957609420614702,1.829781650794345,,0.29859921837263426,1.8311157950204189
2,,0.29740102122262435,1.8341551952240895,,0.29859921837263426,1.8311157950204189
3,,0.29740102122262435,1.8341551952240895,,0.29859921837263426,1.8311157950204189
